Case,Member,x [m],Side,N [kN],V [kN],M [kN.m],D_local [m],UX [m],UZ [m]
LC1,B1,0.0,right,0.0,30.0,-3.552713678800501e-15,0.0,0.0,0.0
LC1,B1,0.2,right,0.0,28.0,-5.800000000000004,-0.0011225416666666667,0.0,-0.0011225416666666667
LC1,B1,0.4,right,0.0,26.0,-11.200000000000005,-0.002230666666666667,0.0,-0.002230666666666667
LC1,B1,0.6000000000000001,right,0.0,24.0,-16.200000000000006,-0.0033108750000000004,0.0,-0.0033108750000000004
LC1,B1,0.8,right,0.0,22.0,-20.800000000000004,-0.004350666666666667,0.0,-0.004350666666666667
LC1,B1,1.0,right,0.0,20.0,-25.000000000000004,-0.005338541666666667,0.0,-0.005338541666666667
LC1,B1,1.2000000000000002,right,0.0,18.0,-28.800000000000008,-0.0062640000000000005,0.0,-0.0062640000000000005
LC1,B1,1.4000000000000001,right,0.0,15.999999999999998,-32.2,-0.007117541666666666,0.0,-0.007117541666666666
LC1,B1,1.6,right,0.0,14.0,-35.2,-0.007890666666666666,0.0,-0.007890666666666666
LC1,B1,1.8,right,0.0,12.0,-37.80000000000001,-0.008575875,0.0,-0.008575875
LC1,B1,2.0,right,0.0,10.0,-40.0,-0.009166666666666667,0.0,-0.009166666666666667
LC1,B1,2.2,right,0.0,8.0,-41.80000000000001,-0.009657541666666667,0.0,-0.009657541666666667
LC1,B1,2.4000000000000004,right,0.0,5.9999999999999964,-43.2,-0.010044,0.0,-0.010044
LC1,B1,2.6,right,0.0,4.0,-44.2,-0.010322541666666666,0.0,-0.010322541666666666
LC1,B1,2.8000000000000003,right,0.0,1.9999999999999964,-44.8,-0.010490666666666667,0.0,-0.010490666666666667
LC1,B1,2.9999999999999987,right,0.0,1.4210854715202004e-14,-45.0,-0.010546874999999999,0.0,-0.010546874999999999
LC1,B1,3.0,right,0.0,0.0,-45.0,-0.010546874999999999,0.0,-0.010546874999999999
LC1,B1,3.2,right,0.0,-2.0,-44.80000000000001,-0.010490666666666666,0.0,-0.010490666666666666
LC1,B1,3.4000000000000004,right,0.0,-4.0,-44.2,-0.010322541666666666,0.0,-0.010322541666666666
LC1,B1,3.6,right,0.0,-6.0,-43.2,-0.010043999999999999,0.0,-0.010043999999999999
LC1,B1,3.8000000000000003,right,0.0,-8.0,-41.80000000000001,-0.009657541666666667,0.0,-0.009657541666666667
LC1,B1,4.0,right,0.0,-10.0,-40.0,-0.009166666666666665,0.0,-0.009166666666666665
LC1,B1,4.2,right,0.0,-12.0,-37.80000000000001,-0.008575874999999998,0.0,-0.008575874999999998
LC1,B1,4.4,right,0.0,-14.0,-35.2,-0.007890666666666664,0.0,-0.007890666666666664
LC1,B1,4.6000000000000005,right,0.0,-16.000000000000007,-32.19999999999999,-0.007117541666666663,0.0,-0.007117541666666663
LC1,B1,4.800000000000001,right,0.0,-18.000000000000007,-28.79999999999999,-0.006263999999999995,0.0,-0.006263999999999995
LC1,B1,5.0,right,0.0,-20.0,-25.000000000000004,-0.005338541666666664,0.0,-0.005338541666666664
LC1,B1,5.2,right,0.0,-22.0,-20.800000000000004,-0.004350666666666664,0.0,-0.004350666666666664
LC1,B1,5.4,right,0.0,-24.0,-16.200000000000006,-0.0033108749999999952,0.0,-0.0033108749999999952
LC1,B1,5.6000000000000005,right,0.0,-26.000000000000007,-11.199999999999985,-0.002230666666666665,0.0,-0.002230666666666665
LC1,B1,5.800000000000001,right,0.0,-28.000000000000007,-5.799999999999984,-0.0011225416666666608,0.0,-0.0011225416666666608
LC1,B1,6.0,left,0.0,-30.0,-3.552713678800501e-15,0.0,0.0,0.0
